"date","rate","reverseRate","isoCode","wasMissing"
"2022-07-11T00:00:00.000Z","4.07736","2.45257","PLN",
"2022-07-10T00:00:00.000Z","4.1063","2.43528","PLN",1
"2022-07-09T00:00:00.000Z","4.1063","2.43528","PLN",1
"2022-07-08T00:00:00.000Z","4.1063","2.43528","PLN",
"2022-07-07T00:00:00.000Z","4.09847","2.43993","PLN",
"2022-07-06T00:00:00.000Z","4.09941","2.43938","PLN",
"2022-07-05T00:00:00.000Z","4.12205","2.42598","PLN",
"2022-07-04T00:00:00.000Z","4.15251","2.40818","PLN",
"2022-07-03T00:00:00.000Z","4.14652","2.41166","PLN",1
"2022-07-02T00:00:00.000Z","4.14652","2.41166","PLN",1
"2022-07-01T00:00:00.000Z","4.14652","2.41166","PLN",
"2022-06-30T00:00:00.000Z","4.16986","2.39816","PLN",
"2022-06-29T00:00:00.000Z","4.17297","2.39637","PLN",
"2022-06-28T00:00:00.000Z","4.16977","2.39821","PLN",
"2022-06-27T00:00:00.000Z","4.16223","2.40256","PLN",
"2022-06-26T00:00:00.000Z","4.15931","2.40424","PLN",1
"2022-06-25T00:00:00.000Z","4.15931","2.40424","PLN",1
"2022-06-24T00:00:00.000Z","4.15931","2.40424","PLN",
"2022-06-23T00:00:00.000Z","4.15383","2.40742","PLN",
"2022-06-22T00:00:00.000Z","4.16977","2.39821","PLN",
"2022-06-21T00:00:00.000Z","4.21197","2.37418","PLN",
"2022-06-20T00:00:00.000Z","4.20428","2.37853","PLN",
"2022-06-19T00:00:00.000Z","4.16107","2.40323","PLN",1
"2022-06-18T00:00:00.000Z","4.16107","2.40323","PLN",1
"2022-06-17T00:00:00.000Z","4.16107","2.40323","PLN",
"2022-06-16T00:00:00.000Z","4.14916","2.41013","PLN",
"2022-06-15T00:00:00.000Z","4.18897","2.38722","PLN",
"2022-06-14T00:00:00.000Z","4.2004","2.38073","PLN",
"2022-06-13T00:00:00.000Z","4.21761","2.37101","PLN",
"2022-06-12T00:00:00.000Z","4.24691","2.35465","PLN",1
"2022-06-11T00:00:00.000Z","4.24691","2.35465","PLN",1
"2022-06-10T00:00:00.000Z","4.24691","2.35465","PLN",
"2022-06-09T00:00:00.000Z","4.25875","2.34811","PLN",
"2022-06-08T00:00:00.000Z","4.2799","2.3365","PLN",
"2022-06-07T00:00:00.000Z","4.26916","2.34238","PLN",
"2022-06-06T00:00:00.000Z","4.26963","2.34212","PLN",
"2022-06-05T00:00:00.000Z","4.25597","2.34964","PLN",1
"2022-06-04T00:00:00.000Z","4.25597","2.34964","PLN",1
"2022-06-03T00:00:00.000Z","4.25597","2.34964","PLN",
"2022-06-02T00:00:00.000Z","4.27158","2.34105","PLN",
"2022-06-01T00:00:00.000Z","4.25986","2.34749","PLN",
"2022-05-31T00:00:00.000Z","4.26991","2.34197","PLN",
"2022-05-30T00:00:00.000Z","4.26525","2.34453","PLN",
"2022-05-29T00:00:00.000Z","4.26497","2.34468","PLN",1
"2022-05-28T00:00:00.000Z","4.26497","2.34468","PLN",1
"2022-05-27T00:00:00.000Z","4.26497","2.34468","PLN",
"2022-05-26T00:00:00.000Z","4.24415","2.35618","PLN",
"2022-05-25T00:00:00.000Z","4.23248","2.36268","PLN",
"2022-05-24T00:00:00.000Z","4.23248","2.36268","PLN",1
"2022-05-23T00:00:00.000Z","4.23248","2.36268","PLN",
"2022-05-22T00:00:00.000Z","4.21833","2.37061","PLN",1
"2022-05-21T00:00:00.000Z","4.21833","2.37061","PLN",1
"2022-05-20T00:00:00.000Z","4.21833","2.37061","PLN",
"2022-05-19T00:00:00.000Z","4.21306","2.37357","PLN",
"2022-05-18T00:00:00.000Z","4.21125","2.37459","PLN",
"2022-05-17T00:00:00.000Z","4.20717","2.37689","PLN",
"2022-05-16T00:00:00.000Z","4.19032","2.38645","PLN",
"2022-05-15T00:00:00.000Z","4.17173","2.39709","PLN",1
"2022-05-14T00:00:00.000Z","4.17173","2.39709","PLN",1
"2022-05-13T00:00:00.000Z","4.17173","2.39709","PLN",
"2022-05-12T00:00:00.000Z","4.18987","2.38671","PLN",
"2022-05-11T00:00:00.000Z","4.19931","2.38134","PLN",
"2022-05-10T00:00:00.000Z","4.18243","2.39095","PLN",
"2022-05-09T00:00:00.000Z","4.16267","2.4023","PLN",
"2022-05-08T00:00:00.000Z","4.1905","2.38635","PLN",1
"2022-05-07T00:00:00.000Z","4.1905","2.38635","PLN",1
"2022-05-06T00:00:00.000Z","4.1905","2.38635","PLN",1
"2022-05-05T00:00:00.000Z","4.1905","2.38635","PLN",
"2022-05-04T00:00:00.000Z","4.17244","2.39668","PLN",
"2022-05-03T00:00:00.000Z","4.16799","2.39924","PLN",
"2022-05-02T00:00:00.000Z","4.18091","2.39182","PLN",1
"2022-05-01T00:00:00.000Z","4.18091","2.39182","PLN",1
"2022-04-30T00:00:00.000Z","4.18091","2.39182","PLN",1
"2022-04-29T00:00:00.000Z","4.18091","2.39182","PLN",
"2022-04-28T00:00:00.000Z","4.17101","2.3975","PLN",
"2022-04-27T00:00:00.000Z","4.15754","2.40527","PLN",
"2022-04-26T00:00:00.000Z","4.20916","2.37577","PLN",
"2022-04-25T00:00:00.000Z","4.22425","2.36728","PLN",1
"2022-04-24T00:00:00.000Z","4.22425","2.36728","PLN",1
"2022-04-23T00:00:00.000Z","4.22425","2.36728","PLN",1
"2022-04-22T00:00:00.000Z","4.22425","2.36728","PLN",1
"2022-04-21T00:00:00.000Z","4.22425","2.36728","PLN",
"2022-04-20T00:00:00.000Z","4.22079","2.36922","PLN",
"2022-04-19T00:00:00.000Z","4.2013","2.38022","PLN",
"2022-04-18T00:00:00.000Z","4.20808","2.37638","PLN",
"2022-04-17T00:00:00.000Z","4.20808","2.37638","PLN",1
"2022-04-16T00:00:00.000Z","4.20808","2.37638","PLN",1
"2022-04-15T00:00:00.000Z","4.20808","2.37638","PLN",
"2022-04-14T00:00:00.000Z","4.20808","2.37638","PLN",
"2022-04-13T00:00:00.000Z","4.21034","2.37511","PLN",
"2022-04-12T00:00:00.000Z","4.20139","2.38016","PLN",
"2022-04-11T00:00:00.000Z","4.21007","2.37526","PLN",
"2022-04-10T00:00:00.000Z","4.21179","2.37429","PLN",1
"2022-04-09T00:00:00.000Z","4.21179","2.37429","PLN",1
"2022-04-08T00:00:00.000Z","4.21179","2.37429","PLN",
"2022-04-07T00:00:00.000Z","4.21788","2.37086","PLN",
"2022-04-06T00:00:00.000Z","4.2217","2.36871","PLN",
"2022-04-05T00:00:00.000Z","4.22745","2.36549","PLN",
"2022-04-04T00:00:00.000Z","4.21742","2.37112","PLN",
"2022-04-03T00:00:00.000Z","4.21506","2.37245","PLN",1
"2022-04-02T00:00:00.000Z","4.21506","2.37245","PLN",1
"2022-04-01T00:00:00.000Z","4.21506","2.37245","PLN",
"2022-03-31T00:00:00.000Z","4.20328","2.37909","PLN",
"2022-03-30T00:00:00.000Z","4.18996","2.38666","PLN",
"2022-03-29T00:00:00.000Z","4.1976","2.38231","PLN",
"2022-03-28T00:00:00.000Z","4.14546","2.41228","PLN",
"2022-03-27T00:00:00.000Z","4.13434","2.41877","PLN",1
"2022-03-26T00:00:00.000Z","4.13434","2.41877","PLN",1
"2022-03-25T00:00:00.000Z","4.13434","2.41877","PLN",
"2022-03-24T00:00:00.000Z","4.1244","2.4246","PLN",
"2022-03-23T00:00:00.000Z","4.15674","2.40573","PLN",
"2022-03-22T00:00:00.000Z","4.17457","2.39546","PLN",
"2022-03-21T00:00:00.000Z","4.16489","2.40102","PLN",
"2022-03-20T00:00:00.000Z","4.14942","2.40998","PLN",1
"2022-03-19T00:00:00.000Z","4.14942","2.40998","PLN",1
"2022-03-18T00:00:00.000Z","4.14942","2.40998","PLN",
"2022-03-17T00:00:00.000Z","4.17119","2.3974","PLN",
"2022-03-16T00:00:00.000Z","4.18225","2.39106","PLN",
"2022-03-15T00:00:00.000Z","4.13014","2.42123","PLN",
"2022-03-14T00:00:00.000Z","4.14213","2.41422","PLN",
"2022-03-13T00:00:00.000Z","4.08998","2.445","PLN",1
"2022-03-12T00:00:00.000Z","4.08998","2.445","PLN",1
"2022-03-11T00:00:00.000Z","4.08998","2.445","PLN",
"2022-03-10T00:00:00.000Z","4.05446","2.46642","PLN",
"2022-03-09T00:00:00.000Z","4.05808","2.46422","PLN",
"2022-03-08T00:00:00.000Z","3.98312","2.51059","PLN",
"2022-03-07T00:00:00.000Z","3.94918","2.53217","PLN",
"2022-03-06T00:00:00.000Z","4.03015","2.4813","PLN",1
"2022-03-05T00:00:00.000Z","4.03015","2.4813","PLN",1
"2022-03-04T00:00:00.000Z","4.03015","2.4813","PLN",
"2022-03-03T00:00:00.000Z","4.07286","2.45528","PLN",1
"2022-03-02T00:00:00.000Z","4.07286","2.45528","PLN",
"2022-03-01T00:00:00.000Z","4.07915","2.45149","PLN",
"2022-02-28T00:00:00.000Z","4.176","2.39464","PLN",
"2022-02-27T00:00:00.000Z","4.21797","2.37081","PLN",1
"2022-02-26T00:00:00.000Z","4.21797","2.37081","PLN",1
"2022-02-25T00:00:00.000Z","4.21797","2.37081","PLN",
"2022-02-24T00:00:00.000Z","4.20121","2.38027","PLN",
"2022-02-23T00:00:00.000Z","4.30032","2.32541","PLN",
"2022-02-22T00:00:00.000Z","4.30354","2.32367","PLN",
"2022-02-21T00:00:00.000Z","4.31265","2.31876","PLN",
"2022-02-20T00:00:00.000Z","4.32696","2.31109","PLN",1
"2022-02-19T00:00:00.000Z","4.32696","2.31109","PLN",1
"2022-02-18T00:00:00.000Z","4.32696","2.31109","PLN",
"2022-02-17T00:00:00.000Z","4.34002","2.30414","PLN",
"2022-02-16T00:00:00.000Z","4.35006","2.29882","PLN",
"2022-02-15T00:00:00.000Z","4.34281","2.30266","PLN",
"2022-02-14T00:00:00.000Z","4.308","2.32126","PLN",
"2022-02-13T00:00:00.000Z","4.32667","2.31125","PLN",1
"2022-02-12T00:00:00.000Z","4.32667","2.31125","PLN",1
"2022-02-11T00:00:00.000Z","4.32667","2.31125","PLN",
"2022-02-10T00:00:00.000Z","4.35393","2.29678","PLN",
"2022-02-09T00:00:00.000Z","4.33329","2.30772","PLN",
"2022-02-08T00:00:00.000Z","4.31636","2.31677","PLN",
"2022-02-07T00:00:00.000Z","4.30496","2.3229","PLN",
"2022-02-06T00:00:00.000Z","4.30099","2.32505","PLN",1
"2022-02-05T00:00:00.000Z","4.30099","2.32505","PLN",1
"2022-02-04T00:00:00.000Z","4.30099","2.32505","PLN",
"2022-02-03T00:00:00.000Z","4.31608","2.31692","PLN",
"2022-02-02T00:00:00.000Z","4.30335","2.32377","PLN",
"2022-02-01T00:00:00.000Z","4.27","2.34192","PLN",
"2022-01-31T00:00:00.000Z","4.26181","2.34642","PLN",
"2022-01-30T00:00:00.000Z","4.27457","2.33942","PLN",1
"2022-01-29T00:00:00.000Z","4.27457","2.33942","PLN",1
"2022-01-28T00:00:00.000Z","4.27457","2.33942","PLN",
"2022-01-27T00:00:00.000Z","4.28985","2.33108","PLN",
"2022-01-26T00:00:00.000Z","4.26441","2.34499","PLN",
"2022-01-25T00:00:00.000Z","4.27494","2.33921","PLN",
"2022-01-24T00:00:00.000Z","4.29174","2.33006","PLN",
"2022-01-23T00:00:00.000Z","4.31579","2.31707","PLN",1
"2022-01-22T00:00:00.000Z","4.31579","2.31707","PLN",1
"2022-01-21T00:00:00.000Z","4.31579","2.31707","PLN",
"2022-01-20T00:00:00.000Z","4.32438","2.31247","PLN",
"2022-01-19T00:00:00.000Z","4.32428","2.31252","PLN",
"2022-01-18T00:00:00.000Z","4.32132","2.31411","PLN",
"2022-01-17T00:00:00.000Z","4.3217","2.3139","PLN",
"2022-01-16T00:00:00.000Z","4.30667","2.32198","PLN",1
"2022-01-15T00:00:00.000Z","4.30667","2.32198","PLN",1
"2022-01-14T00:00:00.000Z","4.30667","2.32198","PLN",
"2022-01-13T00:00:00.000Z","4.3117","2.31927","PLN",
"2022-01-12T00:00:00.000Z","4.31189","2.31917","PLN",
"2022-01-11T00:00:00.000Z","4.30439","2.32321","PLN",
"2022-01-10T00:00:00.000Z","4.31427","2.31789","PLN",
"2022-01-09T00:00:00.000Z","4.29891","2.32617","PLN",1
"2022-01-08T00:00:00.000Z","4.29891","2.32617","PLN",1
"2022-01-07T00:00:00.000Z","4.29891","2.32617","PLN",
"2022-01-06T00:00:00.000Z","4.28778","2.33221","PLN",
"2022-01-05T00:00:00.000Z","4.2829","2.33487","PLN",
"2022-01-04T00:00:00.000Z","4.28281","2.33492","PLN",
"2022-01-03T00:00:00.000Z","4.25467","2.35036","PLN",1
"2022-01-02T00:00:00.000Z","4.25467","2.35036","PLN",1
"2022-01-01T00:00:00.000Z","4.25467","2.35036","PLN",1
"2021-12-31T00:00:00.000Z","4.25467","2.35036","PLN",
"2021-12-30T00:00:00.000Z","4.2555","2.3499","PLN",
"2021-12-29T00:00:00.000Z","4.24839","2.35383","PLN",
"2021-12-28T00:00:00.000Z","4.22608","2.36626","PLN",1
"2021-12-27T00:00:00.000Z","4.22608","2.36626","PLN",1
"2021-12-26T00:00:00.000Z","4.22608","2.36626","PLN",1
"2021-12-25T00:00:00.000Z","4.22608","2.36626","PLN",1
"2021-12-24T00:00:00.000Z","4.22608","2.36626","PLN",1
"2021-12-23T00:00:00.000Z","4.22608","2.36626","PLN",
"2021-12-22T00:00:00.000Z","4.22243","2.3683","PLN",
"2021-12-21T00:00:00.000Z","4.21742","2.37112","PLN",
"2021-12-20T00:00:00.000Z","4.22088","2.36917","PLN",
"2021-12-19T00:00:00.000Z","4.22097","2.36912","PLN",1
"2021-12-18T00:00:00.000Z","4.22097","2.36912","PLN",1
"2021-12-17T00:00:00.000Z","4.22097","2.36912","PLN",
"2021-12-16T00:00:00.000Z","4.22626","2.36616","PLN",
"2021-12-15T00:00:00.000Z","4.22681","2.36585","PLN",
"2021-12-14T00:00:00.000Z","4.22425","2.36728","PLN",
"2021-12-13T00:00:00.000Z","4.23147","2.36324","PLN",
"2021-12-12T00:00:00.000Z","4.24047","2.35823","PLN",1
"2021-12-11T00:00:00.000Z","4.24047","2.35823","PLN",1
"2021-12-10T00:00:00.000Z","4.24047","2.35823","PLN",
"2021-12-09T00:00:00.000Z","4.24765","2.35424","PLN",
"2021-12-08T00:00:00.000Z","4.25532","2.35","PLN",
"2021-12-07T00:00:00.000Z","4.25717","2.34898","PLN",
"2021-12-06T00:00:00.000Z","4.25884","2.34806","PLN",
"2021-12-05T00:00:00.000Z","4.25893","2.34801","PLN",1
"2021-12-04T00:00:00.000Z","4.25893","2.34801","PLN",1
"2021-12-03T00:00:00.000Z","4.25893","2.34801","PLN",
"2021-12-02T00:00:00.000Z","4.25615","2.34954","PLN",
"2021-12-01T00:00:00.000Z","4.22581","2.36641","PLN",
"2021-11-30T00:00:00.000Z","4.19355","2.38461","PLN",
"2021-11-29T00:00:00.000Z","4.15101","2.40905","PLN",
"2021-11-28T00:00:00.000Z","4.15101","2.40905","PLN",1
"2021-11-27T00:00:00.000Z","4.15101","2.40905","PLN",1
"2021-11-26T00:00:00.000Z","4.15101","2.40905","PLN",
"2021-11-25T00:00:00.000Z","4.19157","2.38574","PLN",
"2021-11-24T00:00:00.000Z","4.17895","2.39295","PLN",
"2021-11-23T00:00:00.000Z","4.15083","2.40916","PLN",
"2021-11-22T00:00:00.000Z","4.16276","2.40225","PLN",
"2021-11-21T00:00:00.000Z","4.17752","2.39376","PLN",1
"2021-11-20T00:00:00.000Z","4.17752","2.39376","PLN",1
"2021-11-19T00:00:00.000Z","4.17752","2.39376","PLN",
"2021-11-18T00:00:00.000Z","4.20021","2.38083","PLN",
"2021-11-17T00:00:00.000Z","4.19967","2.38114","PLN",
"2021-11-16T00:00:00.000Z","4.20202","2.37981","PLN",
"2021-11-15T00:00:00.000Z","4.21751","2.37107","PLN",
"2021-11-12T00:00:00.000Z","4.21261","2.37383","PLN",
"2021-11-11T00:00:00.000Z","4.22462","2.36708","PLN",
"2021-11-10T00:00:00.000Z","4.24065","2.35813","PLN",
"2021-11-09T00:00:00.000Z","4.25866","2.34816","PLN",
"2021-11-08T00:00:00.000Z","4.25588","2.34969","PLN",
"2021-11-07T00:00:00.000Z","4.24839","2.35383","PLN",1
"2021-11-06T00:00:00.000Z","4.24839","2.35383","PLN",1
"2021-11-05T00:00:00.000Z","4.24839","2.35383","PLN",
"2021-11-04T00:00:00.000Z","4.24562","2.35537","PLN",
"2021-11-03T00:00:00.000Z","4.26339","2.34555","PLN",
"2021-11-02T00:00:00.000Z","4.24461","2.35593","PLN",
"2021-11-01T00:00:00.000Z","4.23111","2.36345","PLN",
"2021-10-31T00:00:00.000Z","4.23202","2.36294","PLN",1
"2021-10-30T00:00:00.000Z","4.23202","2.36294","PLN",1
"2021-10-29T00:00:00.000Z","4.23202","2.36294","PLN",
"2021-10-28T00:00:00.000Z","4.23413","2.36176","PLN",
"2021-10-27T00:00:00.000Z","4.23276","2.36252","PLN",
"2021-10-26T00:00:00.000Z","4.25097","2.3524","PLN",
"2021-10-25T00:00:00.000Z","4.23459","2.3615","PLN",
"2021-10-24T00:00:00.000Z","4.25412","2.35066","PLN",1
"2021-10-23T00:00:00.000Z","4.25412","2.35066","PLN",1
"2021-10-22T00:00:00.000Z","4.25412","2.35066","PLN",
"2021-10-21T00:00:00.000Z","4.24903","2.35348","PLN",
"2021-10-20T00:00:00.000Z","4.26571","2.34428","PLN",
"2021-10-19T00:00:00.000Z","4.277","2.33809","PLN",
"2021-10-18T00:00:00.000Z","4.27158","2.34105","PLN",
"2021-10-17T00:00:00.000Z","4.28497","2.33374","PLN",1
"2021-10-16T00:00:00.000Z","4.28497","2.33374","PLN",1
"2021-10-15T00:00:00.000Z","4.28497","2.33374","PLN",
"2021-10-14T00:00:00.000Z","4.28037","2.33625","PLN",
"2021-10-13T00:00:00.000Z","4.27298","2.34029","PLN",
"2021-10-12T00:00:00.000Z","4.26991","2.34197","PLN",
"2021-10-11T00:00:00.000Z","4.25986","2.34749","PLN",
"2021-10-10T00:00:00.000Z","4.23505","2.36125","PLN",1
"2021-10-09T00:00:00.000Z","4.23505","2.36125","PLN",1
"2021-10-08T00:00:00.000Z","4.23505","2.36125","PLN",
"2021-10-07T00:00:00.000Z","4.3025","2.32423","PLN",
"2021-10-06T00:00:00.000Z","4.25875","2.34811","PLN",
"2021-10-05T00:00:00.000Z","4.25199","2.35184","PLN",
"2021-10-04T00:00:00.000Z","4.28112","2.33584","PLN",
"2021-10-03T00:00:00.000Z","4.26795","2.34305","PLN",1
"2021-10-02T00:00:00.000Z","4.26795","2.34305","PLN",1
"2021-10-01T00:00:00.000Z","4.26795","2.34305","PLN",
"2021-09-30T00:00:00.000Z","4.23367","2.36202","PLN",
"2021-09-29T00:00:00.000Z","4.22791","2.36523","PLN",
"2021-09-28T00:00:00.000Z","4.2356","2.36094","PLN",
"2021-09-27T00:00:00.000Z","4.25597","2.34964","PLN",
"2021-09-26T00:00:00.000Z","4.24746","2.35435","PLN",1
"2021-09-25T00:00:00.000Z","4.24746","2.35435","PLN",1
"2021-09-24T00:00:00.000Z","4.24746","2.35435","PLN",
"2021-09-23T00:00:00.000Z","4.2447","2.35588","PLN",
"2021-09-22T00:00:00.000Z","4.22782","2.36529","PLN",1
"2021-09-21T00:00:00.000Z","4.22782","2.36529","PLN",
"2021-09-20T00:00:00.000Z","4.25208","2.35179","PLN",
"2021-09-19T00:00:00.000Z","4.27","2.34192","PLN",1
"2021-09-18T00:00:00.000Z","4.27","2.34192","PLN",1
"2021-09-17T00:00:00.000Z","4.27","2.34192","PLN",
"2021-09-16T00:00:00.000Z","4.27382","2.33983","PLN",
"2021-09-15T00:00:00.000Z","4.29843","2.32643","PLN",
"2021-09-14T00:00:00.000Z","4.29456","2.32853","PLN",
"2021-09-13T00:00:00.000Z","4.29683","2.3273","PLN",
"2021-09-12T00:00:00.000Z","4.30638","2.32214","PLN",1
"2021-09-11T00:00:00.000Z","4.30638","2.32214","PLN",1
"2021-09-10T00:00:00.000Z","4.30638","2.32214","PLN",
"2021-09-09T00:00:00.000Z","4.31417","2.31794","PLN",
"2021-09-08T00:00:00.000Z","4.32916","2.30992","PLN",
"2021-09-07T00:00:00.000Z","4.32897","2.31002","PLN",
"2021-09-06T00:00:00.000Z","4.33781","2.30531","PLN",1
"2021-09-05T00:00:00.000Z","4.33781","2.30531","PLN",1
"2021-09-04T00:00:00.000Z","4.33781","2.30531","PLN",1
"2021-09-03T00:00:00.000Z","4.33781","2.30531","PLN",
"2021-09-02T00:00:00.000Z","4.33963","2.30434","PLN",
"2021-09-01T00:00:00.000Z","4.33877","2.3048","PLN",
"2021-08-31T00:00:00.000Z","4.31789","2.31595","PLN",
"2021-08-30T00:00:00.000Z","4.28178","2.33548","PLN",
"2021-08-29T00:00:00.000Z","4.26786","2.34309","PLN",1
"2021-08-28T00:00:00.000Z","4.26786","2.34309","PLN",1
"2021-08-27T00:00:00.000Z","4.26786","2.34309","PLN",
"2021-08-26T00:00:00.000Z","4.27233","2.34064","PLN",
"2021-08-25T00:00:00.000Z","4.27233","2.34064","PLN",
"2021-08-24T00:00:00.000Z","4.27112","2.34131","PLN",
"2021-08-23T00:00:00.000Z","4.26404","2.34519","PLN",
"2021-08-22T00:00:00.000Z","4.26153","2.34658","PLN",1
"2021-08-21T00:00:00.000Z","4.26153","2.34658","PLN",1
"2021-08-20T00:00:00.000Z","4.26153","2.34658","PLN",
"2021-08-19T00:00:00.000Z","4.26739","2.34335","PLN",
"2021-08-18T00:00:00.000Z","4.28591","2.33323","PLN",
"2021-08-17T00:00:00.000Z","4.28863","2.33175","PLN",
"2021-08-16T00:00:00.000Z","4.28412","2.3342","PLN",
"2021-08-15T00:00:00.000Z","4.27597","2.33865","PLN",1
"2021-08-14T00:00:00.000Z","4.27597","2.33865","PLN",1
"2021-08-13T00:00:00.000Z","4.27597","2.33865","PLN",
"2021-08-12T00:00:00.000Z","4.2633","2.3456","PLN",
"2021-08-11T00:00:00.000Z","4.26497","2.34468","PLN",
"2021-08-10T00:00:00.000Z","4.27457","2.33942","PLN",
"2021-08-09T00:00:00.000Z","4.28487","2.33379","PLN",
"2021-08-08T00:00:00.000Z","4.29258","2.3296","PLN",1
"2021-08-07T00:00:00.000Z","4.29258","2.3296","PLN",1
"2021-08-06T00:00:00.000Z","4.29258","2.3296","PLN",
"2021-08-05T00:00:00.000Z","4.30042","2.32535","PLN",
"2021-08-04T00:00:00.000Z","4.30439","2.32321","PLN",
"2021-08-03T00:00:00.000Z","4.29268","2.32955","PLN",
"2021-08-02T00:00:00.000Z","4.29268","2.32955","PLN",
"2021-08-01T00:00:00.000Z","4.28572","2.33333","PLN",1
"2021-07-31T00:00:00.000Z","4.28572","2.33333","PLN",1
"2021-07-30T00:00:00.000Z","4.28572","2.33333","PLN",
"2021-07-29T00:00:00.000Z","4.27205","2.3408","PLN",
"2021-07-28T00:00:00.000Z","4.25504","2.35015","PLN",
"2021-07-27T00:00:00.000Z","4.26051","2.34714","PLN",
"2021-07-26T00:00:00.000Z","4.26218","2.34622","PLN",
"2021-07-25T00:00:00.000Z","4.28056","2.33614","PLN",1
"2021-07-24T00:00:00.000Z","4.28056","2.33614","PLN",1
"2021-07-23T00:00:00.000Z","4.28056","2.33614","PLN",
"2021-07-22T00:00:00.000Z","4.28337","2.33461","PLN",
"2021-07-21T00:00:00.000Z","4.25301","2.35128","PLN",
"2021-07-20T00:00:00.000Z","4.25606","2.34959","PLN",
"2021-07-19T00:00:00.000Z","4.26246","2.34606","PLN",
"2021-07-18T00:00:00.000Z","4.26413","2.34514","PLN",1
"2021-07-17T00:00:00.000Z","4.26413","2.34514","PLN",1
"2021-07-16T00:00:00.000Z","4.26413","2.34514","PLN",
"2021-07-15T00:00:00.000Z","4.27523","2.33906","PLN",
"2021-07-14T00:00:00.000Z","4.27635","2.33844","PLN",
"2021-07-13T00:00:00.000Z","4.28093","2.33594","PLN",
"2021-07-12T00:00:00.000Z","4.29456","2.32853","PLN",
"2021-07-11T00:00:00.000Z","4.29881","2.32623","PLN",1
"2021-07-10T00:00:00.000Z","4.29881","2.32623","PLN",1
"2021-07-09T00:00:00.000Z","4.29881","2.32623","PLN",
"2021-07-08T00:00:00.000Z","4.29815","2.32658","PLN",
"2021-07-07T00:00:00.000Z","4.32782","2.31063","PLN",
"2021-07-06T00:00:00.000Z","4.35199","2.2978","PLN",
"2021-07-05T00:00:00.000Z","4.3406","2.30383","PLN",
"2021-07-04T00:00:00.000Z","4.32094","2.31431","PLN",1
"2021-07-03T00:00:00.000Z","4.32094","2.31431","PLN",1
"2021-07-02T00:00:00.000Z","4.32094","2.31431","PLN",
"2021-07-01T00:00:00.000Z","4.33051","2.3092","PLN",
"2021-06-30T00:00:00.000Z","4.32696","2.31109","PLN",
"2021-06-29T00:00:00.000Z","4.32773","2.31068","PLN",
"2021-06-28T00:00:00.000Z","4.33954","2.30439","PLN",
"2021-06-27T00:00:00.000Z","4.33358","2.30756","PLN",1
"2021-06-26T00:00:00.000Z","4.33358","2.30756","PLN",1
"2021-06-25T00:00:00.000Z","4.33358","2.30756","PLN",
"2021-06-24T00:00:00.000Z","4.32275","2.31334","PLN",
"2021-06-23T00:00:00.000Z","4.32447","2.31242","PLN",
"2021-06-22T00:00:00.000Z","4.31484","2.31758","PLN",
"2021-06-21T00:00:00.000Z","4.31474","2.31764","PLN",
"2021-06-20T00:00:00.000Z","4.29928","2.32597","PLN",1
"2021-06-19T00:00:00.000Z","4.29928","2.32597","PLN",1
"2021-06-18T00:00:00.000Z","4.29928","2.32597","PLN",
"2021-06-17T00:00:00.000Z","4.31037","2.31999","PLN",
"2021-06-16T00:00:00.000Z","4.33031","2.3093","PLN",
"2021-06-15T00:00:00.000Z","4.32371","2.31283","PLN",
"2021-06-14T00:00:00.000Z","4.33166","2.30858","PLN",
"2021-06-13T00:00:00.000Z","4.37595","2.28522","PLN",1
"2021-06-12T00:00:00.000Z","4.37595","2.28522","PLN",1
"2021-06-11T00:00:00.000Z","4.37595","2.28522","PLN",
"2021-06-10T00:00:00.000Z","4.36394","2.29151","PLN",
"2021-06-09T00:00:00.000Z","4.38921","2.27831","PLN",
"2021-06-08T00:00:00.000Z","4.37565","2.28537","PLN",
"2021-06-07T00:00:00.000Z","4.37918","2.28353","PLN",
"2021-06-06T00:00:00.000Z","4.37516","2.28563","PLN",1
"2021-06-05T00:00:00.000Z","4.37516","2.28563","PLN",1
"2021-06-04T00:00:00.000Z","4.37516","2.28563","PLN",
"2021-06-03T00:00:00.000Z","4.39315","2.27627","PLN",
"2021-06-02T00:00:00.000Z","4.38006","2.28307","PLN",
"2021-06-01T00:00:00.000Z","4.37928","2.28348","PLN",
"2021-05-31T00:00:00.000Z","4.36024","2.29345","PLN",
"2021-05-30T00:00:00.000Z","4.35937","2.29391","PLN",1
"2021-05-29T00:00:00.000Z","4.35937","2.29391","PLN",1
"2021-05-28T00:00:00.000Z","4.35937","2.29391","PLN",
"2021-05-27T00:00:00.000Z","4.36209","2.29248","PLN",
"2021-05-26T00:00:00.000Z","4.34909","2.29933","PLN",
"2021-05-25T00:00:00.000Z","4.36189","2.29258","PLN",
"2021-05-24T00:00:00.000Z","4.35675","2.29529","PLN",1
"2021-05-23T00:00:00.000Z","4.35675","2.29529","PLN",1
"2021-05-22T00:00:00.000Z","4.35675","2.29529","PLN",1
"2021-05-21T00:00:00.000Z","4.35675","2.29529","PLN",
"2021-05-20T00:00:00.000Z","4.33156","2.30864","PLN",
"2021-05-19T00:00:00.000Z","4.32821","2.31042","PLN",
"2021-05-18T00:00:00.000Z","4.32294","2.31324","PLN",
"2021-05-17T00:00:00.000Z","4.30534","2.3227","PLN",
"2021-05-16T00:00:00.000Z","4.32534","2.31196","PLN",1
"2021-05-15T00:00:00.000Z","4.32534","2.31196","PLN",1
"2021-05-14T00:00:00.000Z","4.32534","2.31196","PLN",
"2021-05-13T00:00:00.000Z","4.30165","2.32469","PLN",
"2021-05-12T00:00:00.000Z","4.30439","2.32321","PLN",
"2021-05-11T00:00:00.000Z","4.29645","2.3275","PLN",
"2021-05-10T00:00:00.000Z","4.28619","2.33307","PLN",
"2021-05-09T00:00:00.000Z","4.27466","2.33937","PLN",1
"2021-05-08T00:00:00.000Z","4.27466","2.33937","PLN",1
"2021-05-07T00:00:00.000Z","4.27466","2.33937","PLN",
"2021-05-06T00:00:00.000Z","4.27242","2.34059","PLN",1
"2021-05-05T00:00:00.000Z","4.27242","2.34059","PLN",
"2021-05-04T00:00:00.000Z","4.28403","2.33425","PLN",1
"2021-05-03T00:00:00.000Z","4.28403","2.33425","PLN",1
"2021-05-02T00:00:00.000Z","4.28403","2.33425","PLN",1
"2021-05-01T00:00:00.000Z","4.28403","2.33425","PLN",1
"2021-04-30T00:00:00.000Z","4.28403","2.33425","PLN",1
"2021-04-29T00:00:00.000Z","4.28403","2.33425","PLN",
"2021-04-28T00:00:00.000Z","4.26488","2.34473","PLN",
"2021-04-27T00:00:00.000Z","4.28497","2.33374","PLN",
"2021-04-26T00:00:00.000Z","4.29183","2.33001","PLN",
"2021-04-25T00:00:00.000Z","4.28694","2.33267","PLN",1
"2021-04-24T00:00:00.000Z","4.28694","2.33267","PLN",1
"2021-04-23T00:00:00.000Z","4.28694","2.33267","PLN",
"2021-04-22T00:00:00.000Z","4.29221","2.3298","PLN",
"2021-04-21T00:00:00.000Z","4.29277","2.3295","PLN",
"2021-04-20T00:00:00.000Z","4.29617","2.32765","PLN",
"2021-04-19T00:00:00.000Z","4.30108","2.325","PLN",
"2021-04-18T00:00:00.000Z","4.29768","2.32684","PLN",1
"2021-04-17T00:00:00.000Z","4.29768","2.32684","PLN",1
"2021-04-16T00:00:00.000Z","4.29768","2.32684","PLN",
"2021-04-15T00:00:00.000Z","4.29343","2.32914","PLN",
"2021-04-14T00:00:00.000Z","4.29503","2.32827","PLN",
"2021-04-13T00:00:00.000Z","4.28271","2.33497","PLN",
"2021-04-12T00:00:00.000Z","4.32266","2.31339","PLN",
"2021-04-11T00:00:00.000Z","4.30875","2.32086","PLN",1
"2021-04-10T00:00:00.000Z","4.30875","2.32086","PLN",1
"2021-04-09T00:00:00.000Z","4.30875","2.32086","PLN",
"2021-04-08T00:00:00.000Z","4.2973","2.32704","PLN",
"2021-04-07T00:00:00.000Z","4.27448","2.33947","PLN",
"2021-04-06T00:00:00.000Z","4.25977","2.34754","PLN",
"2021-04-05T00:00:00.000Z","4.24359","2.3565","PLN",
"2021-04-04T00:00:00.000Z","4.24359","2.3565","PLN",1
"2021-04-03T00:00:00.000Z","4.24359","2.3565","PLN",1
"2021-04-02T00:00:00.000Z","4.24359","2.3565","PLN",
"2021-04-01T00:00:00.000Z","4.24359","2.3565","PLN",
"2021-03-31T00:00:00.000Z","4.20536","2.37792","PLN",
"2021-03-30T00:00:00.000Z","4.19868","2.3817","PLN",
"2021-03-29T00:00:00.000Z","4.20998","2.37531","PLN",
"2021-03-28T00:00:00.000Z","4.20672","2.37715","PLN",1
"2021-03-27T00:00:00.000Z","4.20672","2.37715","PLN",1
"2021-03-26T00:00:00.000Z","4.20672","2.37715","PLN",
"2021-03-25T00:00:00.000Z","4.21524","2.37234","PLN",
"2021-03-24T00:00:00.000Z","4.22608","2.36626","PLN",
"2021-03-23T00:00:00.000Z","4.23422","2.36171","PLN",
"2021-03-22T00:00:00.000Z","4.25023","2.35281","PLN",
"2021-03-21T00:00:00.000Z","4.2334","2.36217","PLN",1
"2021-03-20T00:00:00.000Z","4.2334","2.36217","PLN",1
"2021-03-19T00:00:00.000Z","4.2334","2.36217","PLN",
"2021-03-18T00:00:00.000Z","4.22855","2.36488","PLN",
"2021-03-17T00:00:00.000Z","4.23927","2.3589","PLN",
"2021-03-16T00:00:00.000Z","4.25801","2.34851","PLN",
"2021-03-15T00:00:00.000Z","4.25977","2.34754","PLN",
"2021-03-14T00:00:00.000Z","4.26413","2.34514","PLN",1
"2021-03-13T00:00:00.000Z","4.26413","2.34514","PLN",1
"2021-03-12T00:00:00.000Z","4.26413","2.34514","PLN",
"2021-03-11T00:00:00.000Z","4.2741","2.33967","PLN",
"2021-03-10T00:00:00.000Z","4.27485","2.33926","PLN",
"2021-03-09T00:00:00.000Z","4.26637","2.34391","PLN",
"2021-03-08T00:00:00.000Z","4.25162","2.35204","PLN",
"2021-03-07T00:00:00.000Z","4.27523","2.33906","PLN",1
"2021-03-06T00:00:00.000Z","4.27523","2.33906","PLN",1
"2021-03-05T00:00:00.000Z","4.27523","2.33906","PLN",
"2021-03-04T00:00:00.000Z","4.29579","2.32786","PLN",
"2021-03-03T00:00:00.000Z","4.31541","2.31728","PLN",1
"2021-03-02T00:00:00.000Z","4.31541","2.31728","PLN",
"2021-03-01T00:00:00.000Z","4.32103","2.31426","PLN",
"2021-02-28T00:00:00.000Z","4.3284","2.31032","PLN",1
"2021-02-27T00:00:00.000Z","4.3284","2.31032","PLN",1
"2021-02-26T00:00:00.000Z","4.3284","2.31032","PLN",
"2021-02-25T00:00:00.000Z","4.33454","2.30705","PLN",
"2021-02-24T00:00:00.000Z","4.32916","2.30992","PLN",
"2021-02-23T00:00:00.000Z","4.33992","2.30419","PLN",
"2021-02-22T00:00:00.000Z","4.34803","2.29989","PLN",
"2021-02-21T00:00:00.000Z","4.36277","2.29212","PLN",1
"2021-02-20T00:00:00.000Z","4.36277","2.29212","PLN",1
"2021-02-19T00:00:00.000Z","4.36277","2.29212","PLN",
"2021-02-18T00:00:00.000Z","4.35713","2.29509","PLN",
"2021-02-17T00:00:00.000Z","4.34513","2.30143","PLN",
"2021-02-16T00:00:00.000Z","4.3519","2.29785","PLN",
"2021-02-15T00:00:00.000Z","4.35946","2.29386","PLN",
"2021-02-14T00:00:00.000Z","4.34639","2.30076","PLN",1
"2021-02-13T00:00:00.000Z","4.34639","2.30076","PLN",1
"2021-02-12T00:00:00.000Z","4.34639","2.30076","PLN",
"2021-02-11T00:00:00.000Z","4.3487","2.29954","PLN",
"2021-02-10T00:00:00.000Z","4.36384","2.29156","PLN",
"2021-02-09T00:00:00.000Z","4.3695","2.28859","PLN",
"2021-02-08T00:00:00.000Z","4.36335","2.29182","PLN",
"2021-02-07T00:00:00.000Z","4.34407","2.30199","PLN",1
"2021-02-06T00:00:00.000Z","4.34407","2.30199","PLN",1
"2021-02-05T00:00:00.000Z","4.34407","2.30199","PLN",
"2021-02-04T00:00:00.000Z","4.35199","2.2978","PLN",
"2021-02-03T00:00:00.000Z","4.35432","2.29657","PLN",
"2021-02-02T00:00:00.000Z","4.35083","2.29841","PLN",
"2021-02-01T00:00:00.000Z","4.33858","2.3049","PLN",
"2021-01-31T00:00:00.000Z","4.31712","2.31636","PLN",1
"2021-01-30T00:00:00.000Z","4.31712","2.31636","PLN",1
"2021-01-29T00:00:00.000Z","4.31712","2.31636","PLN",
"2021-01-28T00:00:00.000Z","4.30127","2.32489","PLN",
"2021-01-27T00:00:00.000Z","4.29664","2.3274","PLN",
"2021-01-26T00:00:00.000Z","4.30184","2.32459","PLN",
"2021-01-25T00:00:00.000Z","4.30714","2.32173","PLN",
"2021-01-24T00:00:00.000Z","4.30942","2.3205","PLN",1
"2021-01-23T00:00:00.000Z","4.30942","2.3205","PLN",1
"2021-01-22T00:00:00.000Z","4.30942","2.3205","PLN",
"2021-01-21T00:00:00.000Z","4.31903","2.31533","PLN",
"2021-01-20T00:00:00.000Z","4.31541","2.31728","PLN",
"2021-01-19T00:00:00.000Z","4.31256","2.31881","PLN",
"2021-01-18T00:00:00.000Z","4.30904","2.3207","PLN",
"2021-01-17T00:00:00.000Z","4.31037","2.31999","PLN",1
"2021-01-16T00:00:00.000Z","4.31037","2.31999","PLN",1
"2021-01-15T00:00:00.000Z","4.31037","2.31999","PLN",
"2021-01-14T00:00:00.000Z","4.30999","2.32019","PLN",
"2021-01-13T00:00:00.000Z","4.32199","2.31375","PLN",
"2021-01-12T00:00:00.000Z","4.32247","2.31349","PLN",
"2021-01-11T00:00:00.000Z","4.31808","2.31584","PLN",
"2021-01-10T00:00:00.000Z","4.3354","2.30659","PLN",1
"2021-01-09T00:00:00.000Z","4.3354","2.30659","PLN",1
"2021-01-08T00:00:00.000Z","4.3354","2.30659","PLN",
"2021-01-07T00:00:00.000Z","4.34648","2.30071","PLN",
"2021-01-06T00:00:00.000Z","4.33089","2.30899","PLN",
"2021-01-05T00:00:00.000Z","4.30108","2.325","PLN",
"2021-01-04T00:00:00.000Z","4.30089","2.3251","PLN",
"2021-01-03T00:00:00.000Z","4.28938","2.33134","PLN",1
"2021-01-02T00:00:00.000Z","4.28938","2.33134","PLN",1
"2021-01-01T00:00:00.000Z","4.28938","2.33134","PLN",1
"2020-12-31T00:00:00.000Z","4.28938","2.33134","PLN",
"2020-12-30T00:00:00.000Z","4.2924","2.3297","PLN",
"2020-12-29T00:00:00.000Z","4.31674","2.31656","PLN",
"2020-12-28T00:00:00.000Z","4.34388","2.30209","PLN",1
"2020-12-27T00:00:00.000Z","4.34388","2.30209","PLN",1
"2020-12-26T00:00:00.000Z","4.34388","2.30209","PLN",1
"2020-12-25T00:00:00.000Z","4.34388","2.30209","PLN",1
"2020-12-24T00:00:00.000Z","4.34388","2.30209","PLN",1
"2020-12-23T00:00:00.000Z","4.34388","2.30209","PLN",
"2020-12-22T00:00:00.000Z","4.33511","2.30675","PLN",
"2020-12-21T00:00:00.000Z","4.33559","2.30649","PLN",
"2020-12-20T00:00:00.000Z","4.36774","2.28951","PLN",1
"2020-12-19T00:00:00.000Z","4.36774","2.28951","PLN",1
"2020-12-18T00:00:00.000Z","4.36774","2.28951","PLN",
"2020-12-17T00:00:00.000Z","4.40274","2.27131","PLN",
"2020-12-16T00:00:00.000Z","4.40959","2.26778","PLN",
"2020-12-15T00:00:00.000Z","4.40244","2.27147","PLN",
"2020-12-14T00:00:00.000Z","4.4077","2.26876","PLN",
"2020-12-13T00:00:00.000Z","4.40919","2.26799","PLN",1
"2020-12-12T00:00:00.000Z","4.40919","2.26799","PLN",1
"2020-12-11T00:00:00.000Z","4.40919","2.26799","PLN",
"2020-12-10T00:00:00.000Z","4.41816","2.26339","PLN",
"2020-12-09T00:00:00.000Z","4.42035","2.26226","PLN",
"2020-12-08T00:00:00.000Z","4.37908","2.28358","PLN",
"2020-12-07T00:00:00.000Z","4.3784","2.28394","PLN",
"2020-12-06T00:00:00.000Z","4.36871","2.28901","PLN",1
"2020-12-05T00:00:00.000Z","4.36871","2.28901","PLN",1
"2020-12-04T00:00:00.000Z","4.36871","2.28901","PLN",
"2020-12-03T00:00:00.000Z","4.37223","2.28716","PLN",
"2020-12-02T00:00:00.000Z","4.36735","2.28972","PLN",
"2020-12-01T00:00:00.000Z","4.36686","2.28997","PLN",
"2020-11-30T00:00:00.000Z","4.37448","2.28599","PLN",
"2020-11-29T00:00:00.000Z","4.35529","2.29606","PLN",1
"2020-11-28T00:00:00.000Z","4.35529","2.29606","PLN",1
"2020-11-27T00:00:00.000Z","4.35529","2.29606","PLN",
"2020-11-26T00:00:00.000Z","4.37067","2.28798","PLN",
"2020-11-25T00:00:00.000Z","4.37752","2.2844","PLN",
"2020-11-24T00:00:00.000Z","4.37879","2.28374","PLN",
"2020-11-23T00:00:00.000Z","4.37204","2.28726","PLN",
"2020-11-22T00:00:00.000Z","4.38144","2.28235","PLN",1
"2020-11-21T00:00:00.000Z","4.38144","2.28235","PLN",1
"2020-11-20T00:00:00.000Z","4.38144","2.28235","PLN",
"2020-11-19T00:00:00.000Z","4.37409","2.28619","PLN",
"2020-11-18T00:00:00.000Z","4.37605","2.28517","PLN",
"2020-11-17T00:00:00.000Z","4.34977","2.29897","PLN",
"2020-11-16T00:00:00.000Z","4.37624","2.28507","PLN",
"2020-11-15T00:00:00.000Z","4.35713","2.29509","PLN",1
"2020-11-14T00:00:00.000Z","4.35713","2.29509","PLN",1
"2020-11-13T00:00:00.000Z","4.35713","2.29509","PLN",
"2020-11-12T00:00:00.000Z","4.35733","2.29498","PLN",
"2020-11-11T00:00:00.000Z","4.35859","2.29432","PLN",
"2020-11-10T00:00:00.000Z","4.34725","2.3003","PLN",
"2020-11-09T00:00:00.000Z","4.3784","2.28394","PLN",
"2020-11-08T00:00:00.000Z","4.32103","2.31426","PLN",1
"2020-11-07T00:00:00.000Z","4.32103","2.31426","PLN",1
"2020-11-06T00:00:00.000Z","4.32103","2.31426","PLN",
"2020-11-05T00:00:00.000Z","4.33339","2.30766","PLN",
"2020-11-04T00:00:00.000Z","4.31103","2.31963","PLN",
"2020-11-03T00:00:00.000Z","4.28159","2.33558","PLN",
"2020-11-02T00:00:00.000Z","4.25014","2.35286","PLN",
"2020-11-01T00:00:00.000Z","4.23138","2.3633","PLN",1
"2020-10-31T00:00:00.000Z","4.23138","2.3633","PLN",1
"2020-10-30T00:00:00.000Z","4.23138","2.3633","PLN",
"2020-10-29T00:00:00.000Z","4.23111","2.36345","PLN",
"2020-10-28T00:00:00.000Z","4.23322","2.36227","PLN",
"2020-10-27T00:00:00.000Z","4.26646","2.34386","PLN",
"2020-10-26T00:00:00.000Z","4.27046","2.34167","PLN",
"2020-10-25T00:00:00.000Z","4.26823","2.34289","PLN",1
"2020-10-24T00:00:00.000Z","4.26823","2.34289","PLN",1
"2020-10-23T00:00:00.000Z","4.26823","2.34289","PLN",
"2020-10-22T00:00:00.000Z","4.27196","2.34085","PLN",
"2020-10-21T00:00:00.000Z","4.27597","2.33865","PLN",
"2020-10-20T00:00:00.000Z","4.26953","2.34218","PLN",
"2020-10-19T00:00:00.000Z","4.27756","2.33778","PLN",
"2020-10-18T00:00:00.000Z","4.29306","2.32934","PLN",1
"2020-10-17T00:00:00.000Z","4.29306","2.32934","PLN",1
"2020-10-16T00:00:00.000Z","4.29306","2.32934","PLN",
"2020-10-15T00:00:00.000Z","4.29683","2.3273","PLN",
"2020-10-14T00:00:00.000Z","4.33925","2.30455","PLN",
"2020-10-13T00:00:00.000Z","4.36073","2.29319","PLN",
"2020-10-12T00:00:00.000Z","4.36472","2.2911","PLN",
"2020-10-11T00:00:00.000Z","4.37526","2.28558","PLN",1
"2020-10-10T00:00:00.000Z","4.37526","2.28558","PLN",1
"2020-10-09T00:00:00.000Z","4.37526","2.28558","PLN",
"2020-10-08T00:00:00.000Z","4.36151","2.29278","PLN",
"2020-10-07T00:00:00.000Z","4.35966","2.29376","PLN",
"2020-10-06T00:00:00.000Z","4.35869","2.29427","PLN",
"2020-10-05T00:00:00.000Z","4.34822","2.29979","PLN",
"2020-10-04T00:00:00.000Z","4.3517","2.29795","PLN",1
"2020-10-03T00:00:00.000Z","4.3517","2.29795","PLN",1
"2020-10-02T00:00:00.000Z","4.3517","2.29795","PLN",
"2020-10-01T00:00:00.000Z","4.35258","2.29749","PLN",
"2020-09-30T00:00:00.000Z","4.30212","2.32444","PLN",
"2020-09-29T00:00:00.000Z","4.30468","2.32305","PLN",
"2020-09-28T00:00:00.000Z","4.29834","2.32648","PLN",
"2020-09-27T00:00:00.000Z","4.29315","2.32929","PLN",1
"2020-09-26T00:00:00.000Z","4.29315","2.32929","PLN",1
"2020-09-25T00:00:00.000Z","4.29315","2.32929","PLN",
"2020-09-24T00:00:00.000Z","4.31817","2.3158","PLN",
"2020-09-23T00:00:00.000Z","4.34619","2.30087","PLN",
"2020-09-22T00:00:00.000Z","4.36209","2.29248","PLN",1
"2020-09-21T00:00:00.000Z","4.36209","2.29248","PLN",
"2020-09-20T00:00:00.000Z","4.38507","2.28047","PLN",1
"2020-09-19T00:00:00.000Z","4.38507","2.28047","PLN",1
"2020-09-18T00:00:00.000Z","4.38507","2.28047","PLN",
"2020-09-17T00:00:00.000Z","4.38733","2.27929","PLN",
"2020-09-16T00:00:00.000Z","4.39848","2.27351","PLN",
"2020-09-15T00:00:00.000Z","4.39898","2.27325","PLN",
"2020-09-14T00:00:00.000Z","4.39473","2.27545","PLN",
"2020-09-13T00:00:00.000Z","4.39839","2.27356","PLN",1
"2020-09-12T00:00:00.000Z","4.39839","2.27356","PLN",1
"2020-09-11T00:00:00.000Z","4.39839","2.27356","PLN",
"2020-09-10T00:00:00.000Z","4.39266","2.27652","PLN",
"2020-09-09T00:00:00.000Z","4.39532","2.27515","PLN",
"2020-09-08T00:00:00.000Z","4.3968","2.27438","PLN",
"2020-09-07T00:00:00.000Z","4.39374","2.27597","PLN",1
"2020-09-06T00:00:00.000Z","4.39374","2.27597","PLN",1
"2020-09-05T00:00:00.000Z","4.39374","2.27597","PLN",1
"2020-09-04T00:00:00.000Z","4.39374","2.27597","PLN",
"2020-09-03T00:00:00.000Z","4.41806","2.26344","PLN",
"2020-09-02T00:00:00.000Z","4.42636","2.25919","PLN",
"2020-09-01T00:00:00.000Z","4.45266","2.24585","PLN",
"2020-08-31T00:00:00.000Z","4.448","2.2482","PLN",
"2020-08-30T00:00:00.000Z","4.45306","2.24565","PLN",1
"2020-08-29T00:00:00.000Z","4.45306","2.24565","PLN",1
"2020-08-28T00:00:00.000Z","4.45306","2.24565","PLN",
"2020-08-27T00:00:00.000Z","4.44578","2.24932","PLN",
"2020-08-26T00:00:00.000Z","4.4376","2.25347","PLN",
"2020-08-25T00:00:00.000Z","4.45327","2.24554","PLN",
"2020-08-24T00:00:00.000Z","4.44648","2.24897","PLN",
"2020-08-23T00:00:00.000Z","4.44719","2.24861","PLN",1
"2020-08-22T00:00:00.000Z","4.44719","2.24861","PLN",1
"2020-08-21T00:00:00.000Z","4.44719","2.24861","PLN",
"2020-08-20T00:00:00.000Z","4.45377","2.24529","PLN",
"2020-08-19T00:00:00.000Z","4.45094","2.24672","PLN",
"2020-08-18T00:00:00.000Z","4.45824","2.24304","PLN",
"2020-08-17T00:00:00.000Z","4.44851","2.24794","PLN",
"2020-08-16T00:00:00.000Z","4.44669","2.24886","PLN",1
"2020-08-15T00:00:00.000Z","4.44669","2.24886","PLN",1
"2020-08-14T00:00:00.000Z","4.44669","2.24886","PLN",
"2020-08-13T00:00:00.000Z","4.4483","2.24805","PLN",
"2020-08-12T00:00:00.000Z","4.44174","2.25137","PLN",
"2020-08-11T00:00:00.000Z","4.44325","2.2506","PLN",
"2020-08-10T00:00:00.000Z","4.44295","2.25076","PLN",
"2020-08-09T00:00:00.000Z","4.4369","2.25383","PLN",1
"2020-08-08T00:00:00.000Z","4.4369","2.25383","PLN",1
"2020-08-07T00:00:00.000Z","4.4369","2.25383","PLN",
"2020-08-06T00:00:00.000Z","4.43771","2.25341","PLN",
"2020-08-05T00:00:00.000Z","4.45164","2.24636","PLN",
"2020-08-04T00:00:00.000Z","4.43952","2.2525","PLN",
"2020-08-03T00:00:00.000Z","4.42485","2.25996","PLN",
"2020-08-02T00:00:00.000Z","4.44164","2.25142","PLN",1
"2020-08-01T00:00:00.000Z","4.44164","2.25142","PLN",1
"2020-07-31T00:00:00.000Z","4.44164","2.25142","PLN",
"2020-07-30T00:00:00.000Z","4.437","2.25378","PLN",
"2020-07-29T00:00:00.000Z","4.42556","2.2596","PLN",
"2020-07-28T00:00:00.000Z","4.43962","2.25245","PLN",
"2020-07-27T00:00:00.000Z","4.44345","2.2505","PLN",
"2020-07-26T00:00:00.000Z","4.44043","2.25203","PLN",1
"2020-07-25T00:00:00.000Z","4.44043","2.25203","PLN",1
"2020-07-24T00:00:00.000Z","4.44043","2.25203","PLN",
"2020-07-23T00:00:00.000Z","4.43087","2.25689","PLN",
"2020-07-22T00:00:00.000Z","4.41616","2.26441","PLN",
"2020-07-21T00:00:00.000Z","4.4088","2.26819","PLN",
"2020-07-20T00:00:00.000Z","4.38606","2.27995","PLN",
"2020-07-19T00:00:00.000Z","4.36306","2.29197","PLN",1
"2020-07-18T00:00:00.000Z","4.36306","2.29197","PLN",1
"2020-07-17T00:00:00.000Z","4.36306","2.29197","PLN",
"2020-07-16T00:00:00.000Z","4.35325","2.29713","PLN",
"2020-07-15T00:00:00.000Z","4.37663","2.28486","PLN",
"2020-07-14T00:00:00.000Z","4.36754","2.28962","PLN",
"2020-07-13T00:00:00.000Z","4.36979","2.28844","PLN",
"2020-07-12T00:00:00.000Z","4.37125","2.28768","PLN",1
"2020-07-11T00:00:00.000Z","4.37125","2.28768","PLN",1
"2020-07-10T00:00:00.000Z","4.37125","2.28768","PLN",
"2020-07-09T00:00:00.000Z","4.37987","2.28317","PLN",
"2020-07-08T00:00:00.000Z","4.36911","2.2888","PLN",
"2020-07-07T00:00:00.000Z","4.37712","2.28461","PLN",
"2020-07-06T00:00:00.000Z","4.37654","2.28491","PLN",
"2020-07-05T00:00:00.000Z","4.37673","2.28481","PLN",1
"2020-07-04T00:00:00.000Z","4.37673","2.28481","PLN",1
"2020-07-03T00:00:00.000Z","4.37673","2.28481","PLN",
"2020-07-02T00:00:00.000Z","4.37155","2.28752","PLN",
"2020-07-01T00:00:00.000Z","4.38694","2.27949","PLN",
"2020-06-30T00:00:00.000Z","4.38921","2.27831","PLN",
"2020-06-29T00:00:00.000Z","4.37899","2.28363","PLN",
"2020-06-28T00:00:00.000Z","4.37703","2.28465","PLN",1
"2020-06-27T00:00:00.000Z","4.37703","2.28465","PLN",1
"2020-06-26T00:00:00.000Z","4.37703","2.28465","PLN",
"2020-06-25T00:00:00.000Z","4.38006","2.28307","PLN",
"2020-06-24T00:00:00.000Z","4.3971","2.27423","PLN",
"2020-06-23T00:00:00.000Z","4.4079","2.26865","PLN",
"2020-06-22T00:00:00.000Z","4.39582","2.27489","PLN",
"2020-06-21T00:00:00.000Z","4.39354","2.27607","PLN",1
"2020-06-20T00:00:00.000Z","4.39354","2.27607","PLN",1
"2020-06-19T00:00:00.000Z","4.39354","2.27607","PLN",
"2020-06-18T00:00:00.000Z","4.38065","2.28277","PLN",
"2020-06-17T00:00:00.000Z","4.39839","2.27356","PLN",
"2020-06-16T00:00:00.000Z","4.41776","2.26359","PLN",
"2020-06-15T00:00:00.000Z","4.40979","2.26768","PLN",
"2020-06-14T00:00:00.000Z","4.3967","2.27443","PLN",1
"2020-06-13T00:00:00.000Z","4.3967","2.27443","PLN",1
"2020-06-12T00:00:00.000Z","4.3967","2.27443","PLN",
"2020-06-11T00:00:00.000Z","4.37262","2.28696","PLN",
"2020-06-10T00:00:00.000Z","4.39275","2.27648","PLN",
"2020-06-09T00:00:00.000Z","4.39868","2.27341","PLN",
"2020-06-08T00:00:00.000Z","4.41168","2.26671","PLN",
"2020-06-07T00:00:00.000Z","4.40254","2.27142","PLN",1
"2020-06-06T00:00:00.000Z","4.40254","2.27142","PLN",1
"2020-06-05T00:00:00.000Z","4.40254","2.27142","PLN",
"2020-06-04T00:00:00.000Z","4.4078","2.26871","PLN",
"2020-06-03T00:00:00.000Z","4.43147","2.25659","PLN",
"2020-06-02T00:00:00.000Z","4.44578","2.24932","PLN",
"2020-06-01T00:00:00.000Z","4.41716","2.2639","PLN",
"2020-05-31T00:00:00.000Z","4.39562","2.27499","PLN",1
"2020-05-30T00:00:00.000Z","4.39562","2.27499","PLN",1
"2020-05-29T00:00:00.000Z","4.39562","2.27499","PLN",
"2020-05-28T00:00:00.000Z","4.42075","2.26206","PLN",
"2020-05-27T00:00:00.000Z","4.4078","2.26871","PLN",
"2020-05-26T00:00:00.000Z","4.39453","2.27556","PLN",
"2020-05-25T00:00:00.000Z","4.3262","2.3115","PLN",1
"2020-05-24T00:00:00.000Z","4.3262","2.3115","PLN",1
"2020-05-23T00:00:00.000Z","4.3262","2.3115","PLN",1
"2020-05-22T00:00:00.000Z","4.3262","2.3115","PLN",
"2020-05-21T00:00:00.000Z","4.3177","2.31605","PLN",
"2020-05-20T00:00:00.000Z","4.30411","2.32336","PLN",
"2020-05-19T00:00:00.000Z","4.29758","2.32689","PLN",
"2020-05-18T00:00:00.000Z","4.28948","2.33128","PLN",
"2020-05-17T00:00:00.000Z","4.2844","2.33405","PLN",1
"2020-05-16T00:00:00.000Z","4.2844","2.33405","PLN",1
"2020-05-15T00:00:00.000Z","4.2844","2.33405","PLN",
"2020-05-14T00:00:00.000Z","4.2829","2.33487","PLN",
"2020-05-13T00:00:00.000Z","4.28572","2.33333","PLN",
"2020-05-12T00:00:00.000Z","4.30335","2.32377","PLN",
"2020-05-11T00:00:00.000Z","4.28995","2.33103","PLN",
"2020-05-10T00:00:00.000Z","4.30023","2.32546","PLN",1
"2020-05-09T00:00:00.000Z","4.30023","2.32546","PLN",1
"2020-05-08T00:00:00.000Z","4.30023","2.32546","PLN",
"2020-05-07T00:00:00.000Z","4.30165","2.32469","PLN",
"2020-05-06T00:00:00.000Z","4.31598","2.31697","PLN",1
"2020-05-05T00:00:00.000Z","4.31598","2.31697","PLN",
"2020-05-04T00:00:00.000Z","4.28271","2.33497","PLN",
"2020-05-03T00:00:00.000Z","4.31408","2.31799","PLN",1
"2020-05-02T00:00:00.000Z","4.31408","2.31799","PLN",1
"2020-05-01T00:00:00.000Z","4.31408","2.31799","PLN",1
"2020-04-30T00:00:00.000Z","4.31408","2.31799","PLN",
"2020-04-29T00:00:00.000Z","4.30401","2.32341","PLN",
"2020-04-28T00:00:00.000Z","4.30155","2.32474","PLN",
"2020-04-27T00:00:00.000Z","4.31874","2.31549","PLN",
"2020-04-26T00:00:00.000Z","4.31903","2.31533","PLN",1
"2020-04-25T00:00:00.000Z","4.31903","2.31533","PLN",1
"2020-04-24T00:00:00.000Z","4.31903","2.31533","PLN",
"2020-04-23T00:00:00.000Z","4.30999","2.32019","PLN",
"2020-04-22T00:00:00.000Z","4.31284","2.31866","PLN",
"2020-04-21T00:00:00.000Z","4.31836","2.31569","PLN",
"2020-04-20T00:00:00.000Z","4.31865","2.31554","PLN",1
"2020-04-19T00:00:00.000Z","4.31865","2.31554","PLN",1
"2020-04-18T00:00:00.000Z","4.31865","2.31554","PLN",1
"2020-04-17T00:00:00.000Z","4.31865","2.31554","PLN",1
"2020-04-16T00:00:00.000Z","4.31865","2.31554","PLN",
"2020-04-15T00:00:00.000Z","4.3098","2.32029","PLN",
"2020-04-14T00:00:00.000Z","4.30108","2.325","PLN",
"2020-04-13T00:00:00.000Z","4.29042","2.33077","PLN",
"2020-04-12T00:00:00.000Z","4.29042","2.33077","PLN",1
"2020-04-11T00:00:00.000Z","4.29042","2.33077","PLN",1
"2020-04-10T00:00:00.000Z","4.29042","2.33077","PLN",
"2020-04-09T00:00:00.000Z","4.29042","2.33077","PLN",
"2020-04-08T00:00:00.000Z","4.30401","2.32341","PLN",
"2020-04-07T00:00:00.000Z","4.31217","2.31902","PLN",
"2020-04-06T00:00:00.000Z","4.28506","2.33369","PLN",
"2020-04-05T00:00:00.000Z","4.27364","2.33993","PLN",1
"2020-04-04T00:00:00.000Z","4.27364","2.33993","PLN",1
"2020-04-03T00:00:00.000Z","4.27364","2.33993","PLN",
"2020-04-02T00:00:00.000Z","4.28","2.33645","PLN",
"2020-04-01T00:00:00.000Z","4.26897","2.34249","PLN",
"2020-03-31T00:00:00.000Z","4.29796","2.32669","PLN",
"2020-03-30T00:00:00.000Z","4.29768","2.32684","PLN",
"2020-03-29T00:00:00.000Z","4.31693","2.31646","PLN",1
"2020-03-28T00:00:00.000Z","4.31693","2.31646","PLN",1
"2020-03-27T00:00:00.000Z","4.31693","2.31646","PLN",
"2020-03-26T00:00:00.000Z","4.27523","2.33906","PLN",
"2020-03-25T00:00:00.000Z","4.26879","2.34258","PLN",
"2020-03-24T00:00:00.000Z","4.23835","2.35941","PLN",
"2020-03-23T00:00:00.000Z","4.24663","2.35481","PLN",
"2020-03-22T00:00:00.000Z","4.31608","2.31692","PLN",1
"2020-03-21T00:00:00.000Z","4.31608","2.31692","PLN",1
"2020-03-20T00:00:00.000Z","4.31608","2.31692","PLN",
"2020-03-19T00:00:00.000Z","4.28872","2.3317","PLN",
"2020-03-18T00:00:00.000Z","4.34532","2.30133","PLN",
"2020-03-17T00:00:00.000Z","4.38252","2.28179","PLN",
"2020-03-16T00:00:00.000Z","4.43801","2.25326","PLN",
"2020-03-15T00:00:00.000Z","4.48894","2.2277","PLN",1
"2020-03-14T00:00:00.000Z","4.48894","2.2277","PLN",1
"2020-03-13T00:00:00.000Z","4.48894","2.2277","PLN",
"2020-03-12T00:00:00.000Z","4.48595","2.22918","PLN",
"2020-03-11T00:00:00.000Z","4.52948","2.20776","PLN",
"2020-03-10T00:00:00.000Z","4.5211","2.21185","PLN",
"2020-03-09T00:00:00.000Z","4.53452","2.20531","PLN",
"2020-03-08T00:00:00.000Z","4.544","2.2007","PLN",1
"2020-03-07T00:00:00.000Z","4.544","2.2007","PLN",1
"2020-03-06T00:00:00.000Z","4.544","2.2007","PLN",
"2020-03-05T00:00:00.000Z","4.54538","2.20004","PLN",
"2020-03-04T00:00:00.000Z","4.55183","2.19692","PLN",
"2020-03-03T00:00:00.000Z","4.51943","2.21267","PLN",1
"2020-03-02T00:00:00.000Z","4.51943","2.21267","PLN",
"2020-03-01T00:00:00.000Z","4.52121","2.2118","PLN",1
"2020-02-29T00:00:00.000Z","4.52121","2.2118","PLN",1
"2020-02-28T00:00:00.000Z","4.52121","2.2118","PLN",
"2020-02-27T00:00:00.000Z","4.53536","2.2049","PLN",
"2020-02-26T00:00:00.000Z","4.53852","2.20336","PLN",
"2020-02-25T00:00:00.000Z","4.54717","2.19917","PLN",
"2020-02-24T00:00:00.000Z","4.54961","2.19799","PLN",
"2020-02-23T00:00:00.000Z","4.56596","2.19012","PLN",1
"2020-02-22T00:00:00.000Z","4.56596","2.19012","PLN",1
"2020-02-21T00:00:00.000Z","4.56596","2.19012","PLN",
"2020-02-20T00:00:00.000Z","4.56703","2.18961","PLN",
"2020-02-19T00:00:00.000Z","4.57911","2.18383","PLN",
"2020-02-18T00:00:00.000Z","4.57547","2.18557","PLN",
"2020-02-17T00:00:00.000Z","4.589","2.17912","PLN",
"2020-02-16T00:00:00.000Z","4.60304","2.17248","PLN",1
"2020-02-15T00:00:00.000Z","4.60304","2.17248","PLN",1
"2020-02-14T00:00:00.000Z","4.60304","2.17248","PLN",
"2020-02-13T00:00:00.000Z","4.60055","2.17365","PLN",
"2020-02-12T00:00:00.000Z","4.59611","2.17575","PLN",
"2020-02-11T00:00:00.000Z","4.59449","2.17652","PLN",
"2020-02-10T00:00:00.000Z","4.58512","2.18097","PLN",
"2020-02-09T00:00:00.000Z","4.58545","2.18081","PLN",1
"2020-02-08T00:00:00.000Z","4.58545","2.18081","PLN",1
"2020-02-07T00:00:00.000Z","4.58545","2.18081","PLN",
"2020-02-06T00:00:00.000Z","4.60726","2.17049","PLN",
"2020-02-05T00:00:00.000Z","4.60293","2.17253","PLN",
"2020-02-04T00:00:00.000Z","4.57472","2.18593","PLN",
"2020-02-03T00:00:00.000Z","4.55183","2.19692","PLN",
"2020-02-02T00:00:00.000Z","4.54749","2.19902","PLN",1
"2020-02-01T00:00:00.000Z","4.54749","2.19902","PLN",1
"2020-01-31T00:00:00.000Z","4.54749","2.19902","PLN",
"2020-01-30T00:00:00.000Z","4.56192","2.19206","PLN",
"2020-01-29T00:00:00.000Z","4.56575","2.19022","PLN",
"2020-01-28T00:00:00.000Z","4.57708","2.1848","PLN",
"2020-01-27T00:00:00.000Z","4.57879","2.18398","PLN",
"2020-01-26T00:00:00.000Z","4.59493","2.17631","PLN",1
"2020-01-25T00:00:00.000Z","4.59493","2.17631","PLN",1
"2020-01-24T00:00:00.000Z","4.59493","2.17631","PLN",
"2020-01-23T00:00:00.000Z","4.60857","2.16987","PLN",
"2020-01-22T00:00:00.000Z","4.6152","2.16675","PLN",
"2020-01-21T00:00:00.000Z","4.60868","2.16982","PLN",
"2020-01-20T00:00:00.000Z","4.60922","2.16956","PLN",
"2020-01-19T00:00:00.000Z","4.6164","2.16619","PLN",1
"2020-01-18T00:00:00.000Z","4.6164","2.16619","PLN",1
"2020-01-17T00:00:00.000Z","4.6164","2.16619","PLN",
"2020-01-16T00:00:00.000Z","4.62109","2.16399","PLN",
"2020-01-15T00:00:00.000Z","4.62754","2.16098","PLN",
"2020-01-14T00:00:00.000Z","4.63258","2.15862","PLN",
"2020-01-13T00:00:00.000Z","4.61847","2.16522","PLN",
"2020-01-12T00:00:00.000Z","4.60607","2.17105","PLN",1
"2020-01-11T00:00:00.000Z","4.60607","2.17105","PLN",1
"2020-01-10T00:00:00.000Z","4.60607","2.17105","PLN",
"2020-01-09T00:00:00.000Z","4.61041","2.169","PLN",
"2020-01-08T00:00:00.000Z","4.60965","2.16936","PLN",
"2020-01-07T00:00:00.000Z","4.60661","2.17079","PLN",
"2020-01-06T00:00:00.000Z","4.61118","2.16864","PLN",
"2020-01-05T00:00:00.000Z","4.60271","2.17263","PLN",1
"2020-01-04T00:00:00.000Z","4.60271","2.17263","PLN",1
"2020-01-03T00:00:00.000Z","4.60271","2.17263","PLN",
"2020-01-02T00:00:00.000Z","4.59719","2.17524","PLN",
"2020-01-01T00:00:00.000Z","4.5946","2.17647","PLN",1
"2019-12-31T00:00:00.000Z","4.5946","2.17647","PLN",
"2019-12-30T00:00:00.000Z","4.59471","2.17642","PLN",
"2019-12-29T00:00:00.000Z","4.58351","2.18173","PLN",1
"2019-12-28T00:00:00.000Z","4.58351","2.18173","PLN",1
"2019-12-27T00:00:00.000Z","4.58351","2.18173","PLN",
"2019-12-26T00:00:00.000Z","4.59018","2.17856","PLN",1
"2019-12-25T00:00:00.000Z","4.59018","2.17856","PLN",1
"2019-12-24T00:00:00.000Z","4.59018","2.17856","PLN",1
"2019-12-23T00:00:00.000Z","4.59018","2.17856","PLN",
"2019-12-22T00:00:00.000Z","4.5919","2.17775","PLN",1
"2019-12-21T00:00:00.000Z","4.5919","2.17775","PLN",1
"2019-12-20T00:00:00.000Z","4.5919","2.17775","PLN",
"2019-12-19T00:00:00.000Z","4.58932","2.17897","PLN",
"2019-12-18T00:00:00.000Z","4.57975","2.18353","PLN",
"2019-12-17T00:00:00.000Z","4.59169","2.17785","PLN",
"2019-12-16T00:00:00.000Z","4.58502","2.18102","PLN",
"2019-12-15T00:00:00.000Z","4.57761","2.18455","PLN",1
"2019-12-14T00:00:00.000Z","4.57761","2.18455","PLN",1
"2019-12-13T00:00:00.000Z","4.57761","2.18455","PLN",
"2019-12-12T00:00:00.000Z","4.56586","2.19017","PLN",
"2019-12-11T00:00:00.000Z","4.56234","2.19186","PLN",
"2019-12-10T00:00:00.000Z","4.55873","2.19359","PLN",
"2019-12-09T00:00:00.000Z","4.56575","2.19022","PLN",
"2019-12-08T00:00:00.000Z","4.57269","2.1869","PLN",1
"2019-12-07T00:00:00.000Z","4.57269","2.1869","PLN",1
"2019-12-06T00:00:00.000Z","4.57269","2.1869","PLN",
"2019-12-05T00:00:00.000Z","4.57472","2.18593","PLN",
"2019-12-04T00:00:00.000Z","4.57055","2.18792","PLN",
"2019-12-03T00:00:00.000Z","4.5649","2.19063","PLN",
"2019-12-02T00:00:00.000Z","4.54834","2.1986","PLN",
"2019-12-01T00:00:00.000Z","4.52896","2.20801","PLN",1
"2019-11-30T00:00:00.000Z","4.52896","2.20801","PLN",1
"2019-11-29T00:00:00.000Z","4.52896","2.20801","PLN",
"2019-11-28T00:00:00.000Z","4.52613","2.20939","PLN",
"2019-11-27T00:00:00.000Z","4.53694","2.20413","PLN",
"2019-11-26T00:00:00.000Z","4.54686","2.19932","PLN",
"2019-11-25T00:00:00.000Z","4.55215","2.19676","PLN",
"2019-11-22T00:00:00.000Z","4.55088","2.19738","PLN",
"2019-11-21T00:00:00.000Z","4.55162","2.19702","PLN",
"2019-11-20T00:00:00.000Z","4.55565","2.19508","PLN",
"2019-11-19T00:00:00.000Z","4.56149","2.19227","PLN",
"2019-11-18T00:00:00.000Z","4.55745","2.19421","PLN",
"2019-11-17T00:00:00.000Z","4.5713","2.18756","PLN",1
"2019-11-16T00:00:00.000Z","4.5713","2.18756","PLN",1
"2019-11-15T00:00:00.000Z","4.5713","2.18756","PLN",
"2019-11-14T00:00:00.000Z","4.55628","2.19477","PLN",
"2019-11-13T00:00:00.000Z","4.56181","2.19211","PLN",
"2019-11-12T00:00:00.000Z","4.57536","2.18562","PLN",
"2019-11-11T00:00:00.000Z","4.57643","2.18511","PLN",
"2019-11-10T00:00:00.000Z","4.59007","2.17862","PLN",1
"2019-11-09T00:00:00.000Z","4.59007","2.17862","PLN",1
"2019-11-08T00:00:00.000Z","4.59007","2.17862","PLN",
"2019-11-07T00:00:00.000Z","4.58545","2.18081","PLN",
"2019-11-06T00:00:00.000Z","4.58115","2.18286","PLN",
"2019-11-05T00:00:00.000Z","4.58652","2.1803","PLN",
"2019-11-04T00:00:00.000Z","4.59244","2.17749","PLN",
"2019-11-03T00:00:00.000Z","4.59817","2.17478","PLN",1
"2019-11-02T00:00:00.000Z","4.59817","2.17478","PLN",1
"2019-11-01T00:00:00.000Z","4.59817","2.17478","PLN",
"2019-10-31T00:00:00.000Z","4.5932","2.17713","PLN",
"2019-10-30T00:00:00.000Z","4.58803","2.17958","PLN",
"2019-10-29T00:00:00.000Z","4.58115","2.18286","PLN",
"2019-10-28T00:00:00.000Z","4.57879","2.18398","PLN",
"2019-10-27T00:00:00.000Z","4.57215","2.18715","PLN",1
"2019-10-26T00:00:00.000Z","4.57215","2.18715","PLN",1
"2019-10-25T00:00:00.000Z","4.57215","2.18715","PLN",
"2019-10-24T00:00:00.000Z","4.5729","2.1868","PLN",
"2019-10-23T00:00:00.000Z","4.57119","2.18761","PLN",
"2019-10-22T00:00:00.000Z","4.57205","2.1872","PLN",
"2019-10-21T00:00:00.000Z","4.57098","2.18771","PLN",
"2019-10-20T00:00:00.000Z","4.56511","2.19053","PLN",1
"2019-10-19T00:00:00.000Z","4.56511","2.19053","PLN",1
"2019-10-18T00:00:00.000Z","4.56511","2.19053","PLN",
"2019-10-17T00:00:00.000Z","4.56383","2.19114","PLN",
"2019-10-16T00:00:00.000Z","4.55321","2.19625","PLN",
"2019-10-15T00:00:00.000Z","4.5531","2.19631","PLN",
"2019-10-14T00:00:00.000Z","4.55575","2.19503","PLN",
"2019-10-13T00:00:00.000Z","4.54242","2.20147","PLN",1
"2019-10-12T00:00:00.000Z","4.54242","2.20147","PLN",1
"2019-10-11T00:00:00.000Z","4.54242","2.20147","PLN",
"2019-10-10T00:00:00.000Z","4.52917","2.20791","PLN",
"2019-10-09T00:00:00.000Z","4.52361","2.21062","PLN",
"2019-10-08T00:00:00.000Z","4.51422","2.21522","PLN",
"2019-10-07T00:00:00.000Z","4.51516","2.21476","PLN",
"2019-10-06T00:00:00.000Z","4.52267","2.21108","PLN",1
"2019-10-05T00:00:00.000Z","4.52267","2.21108","PLN",1
"2019-10-04T00:00:00.000Z","4.52267","2.21108","PLN",
"2019-10-03T00:00:00.000Z","4.50652","2.21901","PLN",
"2019-10-02T00:00:00.000Z","4.47579","2.23424","PLN",
"2019-10-01T00:00:00.000Z","4.46802","2.23813","PLN",
"2019-09-30T00:00:00.000Z","4.4672","2.23854","PLN",
"2019-09-29T00:00:00.000Z","4.45875","2.24278","PLN",1
"2019-09-28T00:00:00.000Z","4.45875","2.24278","PLN",1
"2019-09-27T00:00:00.000Z","4.45875","2.24278","PLN",
"2019-09-26T00:00:00.000Z","4.45814","2.24309","PLN",
"2019-09-25T00:00:00.000Z","4.45367","2.24534","PLN",
"2019-09-24T00:00:00.000Z","4.46404","2.24012","PLN",
"2019-09-23T00:00:00.000Z","4.48842","2.22796","PLN",1
"2019-09-22T00:00:00.000Z","4.48842","2.22796","PLN",1
"2019-09-21T00:00:00.000Z","4.48842","2.22796","PLN",1
"2019-09-20T00:00:00.000Z","4.48842","2.22796","PLN",
"2019-09-19T00:00:00.000Z","4.50797","2.21829","PLN",
"2019-09-18T00:00:00.000Z","4.50964","2.21747","PLN",
"2019-09-17T00:00:00.000Z","4.50486","2.21982","PLN",
"2019-09-16T00:00:00.000Z","4.52309","2.21088","PLN",
"2019-09-15T00:00:00.000Z","4.52236","2.21123","PLN",1
"2019-09-14T00:00:00.000Z","4.52236","2.21123","PLN",1
"2019-09-13T00:00:00.000Z","4.52236","2.21123","PLN",
"2019-09-12T00:00:00.000Z","4.51651","2.2141","PLN",
"2019-09-11T00:00:00.000Z","4.51328","2.21568","PLN",
"2019-09-10T00:00:00.000Z","4.51286","2.21589","PLN",
"2019-09-09T00:00:00.000Z","4.51328","2.21568","PLN",
"2019-09-08T00:00:00.000Z","4.50662","2.21896","PLN",1
"2019-09-07T00:00:00.000Z","4.50662","2.21896","PLN",1
"2019-09-06T00:00:00.000Z","4.50662","2.21896","PLN",1
"2019-09-05T00:00:00.000Z","4.50662","2.21896","PLN",
"2019-09-04T00:00:00.000Z","4.50704","2.21875","PLN",
"2019-09-03T00:00:00.000Z","4.47938","2.23245","PLN",
"2019-09-02T00:00:00.000Z","4.47651","2.23388","PLN",
"2019-09-01T00:00:00.000Z","4.46414","2.24007","PLN",1
"2019-08-31T00:00:00.000Z","4.46414","2.24007","PLN",1
"2019-08-30T00:00:00.000Z","4.46414","2.24007","PLN",
"2019-08-29T00:00:00.000Z","4.46445","2.23992","PLN",
"2019-08-28T00:00:00.000Z","4.45783","2.24324","PLN",
"2019-08-27T00:00:00.000Z","4.47599","2.23414","PLN",
"2019-08-26T00:00:00.000Z","4.48359","2.23036","PLN",
"2019-08-25T00:00:00.000Z","4.491","2.22668","PLN",1
"2019-08-24T00:00:00.000Z","4.491","2.22668","PLN",1
"2019-08-23T00:00:00.000Z","4.491","2.22668","PLN",
"2019-08-22T00:00:00.000Z","4.48143","2.23143","PLN",
"2019-08-21T00:00:00.000Z","4.49317","2.2256","PLN",
"2019-08-20T00:00:00.000Z","4.49079","2.22678","PLN",
"2019-08-19T00:00:00.000Z","4.47538","2.23445","PLN",
"2019-08-18T00:00:00.000Z","4.50849","2.21804","PLN",1
"2019-08-17T00:00:00.000Z","4.50849","2.21804","PLN",1
"2019-08-16T00:00:00.000Z","4.50849","2.21804","PLN",
"2019-08-15T00:00:00.000Z","4.45743","2.24345","PLN",
"2019-08-14T00:00:00.000Z","4.47354","2.23537","PLN",
"2019-08-13T00:00:00.000Z","4.50943","2.21758","PLN",
"2019-08-12T00:00:00.000Z","4.51954","2.21261","PLN",
"2019-08-11T00:00:00.000Z","4.52833","2.20832","PLN",1
"2019-08-10T00:00:00.000Z","4.52833","2.20832","PLN",1
"2019-08-09T00:00:00.000Z","4.52833","2.20832","PLN",
"2019-08-08T00:00:00.000Z","4.52456","2.21016","PLN",
"2019-08-07T00:00:00.000Z","4.53011","2.20745","PLN",
"2019-08-06T00:00:00.000Z","4.53589","2.20464","PLN",
"2019-08-05T00:00:00.000Z","4.53347","2.20582","PLN",
"2019-08-04T00:00:00.000Z","4.54696","2.19927","PLN",1
"2019-08-03T00:00:00.000Z","4.54696","2.19927","PLN",1
"2019-08-02T00:00:00.000Z","4.54696","2.19927","PLN",
"2019-08-01T00:00:00.000Z","4.55066","2.19748","PLN",
"2019-07-31T00:00:00.000Z","4.55777","2.19406","PLN",
"2019-07-30T00:00:00.000Z","4.55777","2.19406","PLN",
"2019-07-29T00:00:00.000Z","4.56906","2.18863","PLN",
"2019-07-28T00:00:00.000Z","4.58362","2.18168","PLN",1
"2019-07-27T00:00:00.000Z","4.58362","2.18168","PLN",1
"2019-07-26T00:00:00.000Z","4.58362","2.18168","PLN",
"2019-07-25T00:00:00.000Z","4.60499","2.17156","PLN",
"2019-07-24T00:00:00.000Z","4.59687","2.17539","PLN",
"2019-07-23T00:00:00.000Z","4.60228","2.17284","PLN",
"2019-07-22T00:00:00.000Z","4.60412","2.17197","PLN",
"2019-07-21T00:00:00.000Z","4.59428","2.17662","PLN",1
"2019-07-20T00:00:00.000Z","4.59428","2.17662","PLN",1
"2019-07-19T00:00:00.000Z","4.59428","2.17662","PLN",
"2019-07-18T00:00:00.000Z","4.59158","2.1779","PLN",
"2019-07-17T00:00:00.000Z","4.58674","2.1802","PLN",
"2019-07-16T00:00:00.000Z","4.59601","2.1758","PLN",
"2019-07-15T00:00:00.000Z","4.58878","2.17923","PLN",
"2019-07-14T00:00:00.000Z","4.58308","2.18194","PLN",1
"2019-07-13T00:00:00.000Z","4.58308","2.18194","PLN",1
"2019-07-12T00:00:00.000Z","4.58308","2.18194","PLN",
"2019-07-11T00:00:00.000Z","4.58244","2.18224","PLN",
"2019-07-10T00:00:00.000Z","4.57633","2.18516","PLN",
"2019-07-09T00:00:00.000Z","4.58792","2.17964","PLN",
"2019-07-08T00:00:00.000Z","4.59871","2.17452","PLN",
"2019-07-07T00:00:00.000Z","4.60748","2.17038","PLN",1
"2019-07-06T00:00:00.000Z","4.60748","2.17038","PLN",1
"2019-07-05T00:00:00.000Z","4.60748","2.17038","PLN",
"2019-07-04T00:00:00.000Z","4.60857","2.16987","PLN",
"2019-07-03T00:00:00.000Z","4.60976","2.16931","PLN",
"2019-07-02T00:00:00.000Z","4.60965","2.16936","PLN",
"2019-07-01T00:00:00.000Z","4.60987","2.16926","PLN",
"2019-06-30T00:00:00.000Z","4.60239","2.17278","PLN",1
"2019-06-29T00:00:00.000Z","4.60239","2.17278","PLN",1
"2019-06-28T00:00:00.000Z","4.60239","2.17278","PLN",
"2019-06-27T00:00:00.000Z","4.60033","2.17376","PLN",
"2019-06-26T00:00:00.000Z","4.58824","2.17948","PLN",
"2019-06-25T00:00:00.000Z","4.59514","2.17621","PLN",
"2019-06-24T00:00:00.000Z","4.59709","2.17529","PLN",
"2019-06-23T00:00:00.000Z","4.59288","2.17728","PLN",1
"2019-06-22T00:00:00.000Z","4.59288","2.17728","PLN",1
"2019-06-21T00:00:00.000Z","4.59288","2.17728","PLN",
"2019-06-20T00:00:00.000Z","4.5959","2.17585","PLN",
"2019-06-19T00:00:00.000Z","4.58362","2.18168","PLN",
"2019-06-18T00:00:00.000Z","4.59201","2.1777","PLN",
"2019-06-17T00:00:00.000Z","4.59061","2.17836","PLN",
"2019-06-16T00:00:00.000Z","4.59827","2.17473","PLN",1
"2019-06-15T00:00:00.000Z","4.59827","2.17473","PLN",1
"2019-06-14T00:00:00.000Z","4.59827","2.17473","PLN",
"2019-06-13T00:00:00.000Z","4.59395","2.17678","PLN",
"2019-06-12T00:00:00.000Z","4.59029","2.17851","PLN",
"2019-06-11T00:00:00.000Z","4.58276","2.18209","PLN",
"2019-06-10T00:00:00.000Z","4.58695","2.1801","PLN",
"2019-06-09T00:00:00.000Z","4.5789","2.18393","PLN",1
"2019-06-08T00:00:00.000Z","4.5789","2.18393","PLN",1
"2019-06-07T00:00:00.000Z","4.5789","2.18393","PLN",
"2019-06-06T00:00:00.000Z","4.57098","2.18771","PLN",
"2019-06-05T00:00:00.000Z","4.57205","2.1872","PLN",
"2019-06-04T00:00:00.000Z","4.56948","2.18843","PLN",
"2019-06-03T00:00:00.000Z","4.56618","2.19001","PLN",
"2019-06-02T00:00:00.000Z","4.56511","2.19053","PLN",1
"2019-06-01T00:00:00.000Z","4.56511","2.19053","PLN",1
"2019-05-31T00:00:00.000Z","4.56511","2.19053","PLN",
"2019-05-30T00:00:00.000Z","4.56043","2.19278","PLN",
"2019-05-29T00:00:00.000Z","4.54865","2.19845","PLN",
"2019-05-28T00:00:00.000Z","4.55363","2.19605","PLN",
"2019-05-27T00:00:00.000Z","4.55533","2.19523","PLN",
"2019-05-26T00:00:00.000Z","4.54168","2.20183","PLN",1
"2019-05-25T00:00:00.000Z","4.54168","2.20183","PLN",1
"2019-05-24T00:00:00.000Z","4.54168","2.20183","PLN",1
"2019-05-23T00:00:00.000Z","4.54168","2.20183","PLN",
"2019-05-22T00:00:00.000Z","4.54443","2.2005","PLN",
"2019-05-21T00:00:00.000Z","4.5421","2.20162","PLN",
"2019-05-20T00:00:00.000Z","4.55183","2.19692","PLN",
"2019-05-19T00:00:00.000Z","4.54517","2.20014","PLN",1
"2019-05-18T00:00:00.000Z","4.54517","2.20014","PLN",1
"2019-05-17T00:00:00.000Z","4.54517","2.20014","PLN",
"2019-05-16T00:00:00.000Z","4.55246","2.19661","PLN",
"2019-05-15T00:00:00.000Z","4.53852","2.20336","PLN",
"2019-05-14T00:00:00.000Z","4.542","2.20167","PLN",
"2019-05-13T00:00:00.000Z","4.54337","2.20101","PLN",
"2019-05-12T00:00:00.000Z","4.55268","2.19651","PLN",1
"2019-05-11T00:00:00.000Z","4.55268","2.19651","PLN",1
"2019-05-10T00:00:00.000Z","4.55268","2.19651","PLN",
"2019-05-09T00:00:00.000Z","4.55543","2.19518","PLN",
"2019-05-08T00:00:00.000Z","4.55777","2.19406","PLN",
"2019-05-07T00:00:00.000Z","4.56309","2.1915","PLN",
"2019-05-06T00:00:00.000Z","4.56404","2.19104","PLN",1
"2019-05-05T00:00:00.000Z","4.56404","2.19104","PLN",1
"2019-05-04T00:00:00.000Z","4.56404","2.19104","PLN",1
"2019-05-03T00:00:00.000Z","4.56404","2.19104","PLN",
"2019-05-02T00:00:00.000Z","4.5697","2.18833","PLN",
"2019-05-01T00:00:00.000Z","4.56245","2.1918","PLN",1
"2019-04-30T00:00:00.000Z","4.56245","2.1918","PLN",
"2019-04-29T00:00:00.000Z","4.55374","2.196","PLN",1
"2019-04-28T00:00:00.000Z","4.55374","2.196","PLN",1
"2019-04-27T00:00:00.000Z","4.55374","2.196","PLN",1
"2019-04-26T00:00:00.000Z","4.55374","2.196","PLN",1
"2019-04-25T00:00:00.000Z","4.55374","2.196","PLN",
"2019-04-24T00:00:00.000Z","4.55947","2.19324","PLN",
"2019-04-23T00:00:00.000Z","4.56287","2.1916","PLN",
"2019-04-22T00:00:00.000Z","4.57119","2.18761","PLN",
"2019-04-21T00:00:00.000Z","4.57119","2.18761","PLN",1
"2019-04-20T00:00:00.000Z","4.57119","2.18761","PLN",1
"2019-04-19T00:00:00.000Z","4.57119","2.18761","PLN",
"2019-04-18T00:00:00.000Z","4.57119","2.18761","PLN",
"2019-04-17T00:00:00.000Z","4.57708","2.1848","PLN",
"2019-04-16T00:00:00.000Z","4.57568","2.18547","PLN",
"2019-04-15T00:00:00.000Z","4.5759","2.18536","PLN",
"2019-04-14T00:00:00.000Z","4.57012","2.18813","PLN",1
"2019-04-13T00:00:00.000Z","4.57012","2.18813","PLN",1
"2019-04-12T00:00:00.000Z","4.57012","2.18813","PLN",
"2019-04-11T00:00:00.000Z","4.5665","2.18986","PLN",
"2019-04-10T00:00:00.000Z","4.56618","2.19001","PLN",
"2019-04-09T00:00:00.000Z","4.56223","2.19191","PLN",
"2019-04-08T00:00:00.000Z","4.56043","2.19278","PLN",
"2019-04-07T00:00:00.000Z","4.55936","2.19329","PLN",1
"2019-04-06T00:00:00.000Z","4.55936","2.19329","PLN",1
"2019-04-05T00:00:00.000Z","4.55936","2.19329","PLN",
"2019-04-04T00:00:00.000Z","4.55989","2.19304","PLN",
"2019-04-03T00:00:00.000Z","4.55586","2.19498","PLN",
"2019-04-02T00:00:00.000Z","4.55342","2.19615","PLN",
"2019-04-01T00:00:00.000Z","4.5495","2.19804","PLN",
"2019-03-31T00:00:00.000Z","4.54781","2.19886","PLN",1
"2019-03-30T00:00:00.000Z","4.54781","2.19886","PLN",1
"2019-03-29T00:00:00.000Z","4.54781","2.19886","PLN",